model,dataset,accuracy,precision_macro,recall_macro,f1_macro,precision_weighted,recall_weighted,f1_weighted,avg_confidence,total_samples
checkpoint-264,test_labeled_dataset_oversampled.csv,0.5147679324894515,0.43258792878853675,0.5147679324894515,0.42121176654182274,0.43258792878853664,0.5147679324894515,0.42121176654182274,0.9538983426013576,237
checkpoint-375,test_labeled_dataset_oversampled.csv,0.3333333333333333,0.1111111111111111,0.3333333333333333,0.16666666666666666,0.1111111111111111,0.3333333333333333,0.16666666666666666,0.8340162297844383,237
checkpoint-500,test_labeled_dataset_oversampled.csv,0.14767932489451477,0.17129629629629628,0.14767932489451477,0.14382434588185047,0.17129629629629628,0.14767932489451477,0.1438243458818505,0.45548460553970016,237
